question,answer,accuracy,relevance,conciseness,helpfulness,overall
"Dựa trên các con số sau, hãy xác định VinTech có tuân thủ quy định bảo vệ dữ liệu cá nhân của Việt Nam không nếu các thông số không đổi?",Không tìm thấy.,1,1,5,1,1.5
Xem x?t ??ng th?i c?c d? li?u v? cho bi?t So sánh số nhân viên của VinTech và tỷ lệ nhân viên kỹ thuật với doanh thu mảng kỹ thuật (VinCloud + VinAI) t? ?t nh?t hai ?o?n d? li?u?,Không tìm thấy.,1,2,5,1,1.75
X?c ??nh r? ? VinTech Doanh thu của VinTech năm 2023 là bao nhiêu trong ng? c?nh t?i li?u ?? cho?,Doanh thu của VinTech năm 2023 là 2.500 tỷ VND.,5,5,5,5,5.0
"D?a v?o c? hai ?o?n th?ng tin, h?y x?c ??nh h?y so s?nh Mảng nào đóng góp nhiều nhất vào doanh thu VinTech và chi phí cơ bản của mảng đó là bao nhiêu khi k?t h?p nhi?u th?ng tin li?n quan?","Mảng VinCloud đóng góp nhiều nhất vào doanh thu của VinTech với 40% doanh thu, tương đương 1.000 tỷ VND. 

Đối với chi phí cơ bản của mảng VinERP, phí triển khai ban đầu là từ 50.000.000 VND và phí duy trì hàng năm là 15% giá triển khai. Tuy nhiên, thông tin chi tiết về tổng chi phí cơ bản cho VinERP không được nêu rõ trong context. 

Do đó, có thể xác định rằng mảng VinCloud có doanh thu cao nhất, nhưng không đủ thông tin để xác định chi phí tổng thể của mảng VinERP.",4,5,4,4,4.25
T?m t?t v? VinCloud có bao nhiêu gói dịch vụ và giá mỗi gói là bao nhiêu ng?n g?n theo d? li?u cung c?p?,"VinCloud có 3 gói dịch vụ: 
1. Gói Basic: 500.000 VND/tháng, 10 vCPU, 20GB RAM.
2. Gói Pro: 2.000.000 VND/tháng, 40 vCPU, 80GB RAM.
3. Gói Enterprise: liên hệ báo giá, không giới hạn.",5,5,5,5,5.0
X?c ??nh r? xin h?y Chính sách hoàn tiền trong 7 ngày đầu của VinTech như thế nào trong ng? c?nh t?i li?u ?? cho?,VinTech hoàn 100% tiền nếu hủy trong vòng 7 ngày kể từ ngày kích hoạt và sản phẩm chưa được sử dụng.,5,5,5,5,5.0
Ph?i h?p d? li?u v? So sánh số nhân viên của VinTech và tỷ lệ nhân viên kỹ thuật với doanh thu mảng kỹ thuật (VinCloud + VinAI) khi k?t h?p nhi?u th?ng tin li?n quan?,Không tìm thấy.,1,1,5,1,1.5
K?t n?i c?c th?ng tin d??i ??y ?? tr? l?i v? So sánh số nhân viên của VinTech và tỷ lệ nhân viên kỹ thuật với doanh thu mảng kỹ thuật (VinCloud + VinAI) khi k?t h?p nhi?u th?ng tin li?n quan?,"VinTech hiện có 5.000 nhân viên, trong đó 60% là nhân viên kỹ thuật (Engineering). Điều này có nghĩa là số nhân viên kỹ thuật là 3.000 người.

Trong năm 2023, doanh thu từ mảng kỹ thuật (bao gồm VinCloud và VinAI) là:
- VinCloud: 1.000 tỷ VND
- VinAI: 375 tỷ VND

Tổng doanh thu từ mảng kỹ thuật là 1.000 + 375 = 1.375 tỷ VND.

So sánh:
- Số nhân viên kỹ thuật: 3.000
- Doanh thu từ mảng kỹ thuật: 1.375 tỷ VND

Từ đó, doanh thu trung bình mỗi nhân viên kỹ thuật đóng góp là:
1.375 tỷ VND / 3.000 nhân viên = khoảng 458,33 triệu VND/người. 

Do đó, VinTech có một số lượng lớn nhân viên kỹ thuật và doanh thu từ các mảng kỹ thuật cũng khá ấn tượng.",5,5,4,5,4.75
"T?ng h?p v? k?t lu?n h?y t?nh Nếu VinCloud downtime 12 giờ trong năm, khách hàng được bồi thường bao nhiêu trong b?i c?nh hi?n t?i?",Không tìm thấy.,1,1,5,1,1.5
Xin cho bi?t v? VinTech có bao nhiêu nhân viên trong ng? c?nh t?i li?u ?? cho?,VinTech có 5.000 nhân viên tính đến Q4 2023.,5,5,5,5,5.0
"X?c ??nh theo suy lu?n Nếu VinCloud downtime 12 giờ trong năm, khách hàng được bồi thường bao nhiêu trong b?i c?nh hi?n t?i?","Nếu VinCloud downtime 12 giờ trong năm, mà uptime sẽ là dưới 99.0%, khách hàng sẽ được bồi thường 25% phí tháng.",5,5,5,5,5.0
"T? c?c ngu?n d? li?u sau, h?y t?ng h?p h?y t?ng h?p Mảng nào đóng góp nhiều nhất vào doanh thu VinTech và chi phí cơ bản của mảng đó là bao nhiêu t? ?t nh?t hai ?o?n d? li?u?","Mảng đóng góp nhiều nhất vào doanh thu VinTech là VinCloud, chiếm 40% doanh thu với giá trị 1.000 tỷ VND. Chi phí triển khai ban đầu của mảng VinERP là từ 50.000.000 VND tùy quy mô, nhưng không có thông tin chi tiết về chi phí của mảng VinCloud. Không tìm thấy.",3,4,4,3,3.5
Tr?nh b?y VinCloud có bao nhiêu gói dịch vụ và giá mỗi gói là bao nhiêu trong ng? c?nh t?i li?u ?? cho?,"VinCloud có 3 gói dịch vụ:
1. Gói Basic: 500.000 VND/tháng, 10 vCPU, 20GB RAM.
2. Gói Pro: 2.000.000 VND/tháng, 40 vCPU, 80GB RAM.
3. Gói Enterprise: Liên hệ báo giá, không giới hạn.",5,5,5,5,5.0
M? t? ng?n ? VinTech VinCloud có bao nhiêu gói dịch vụ và giá mỗi gói là bao nhiêu trong ng? c?nh t?i li?u ?? cho?,"VinCloud có 3 gói dịch vụ: 

1. Gói Basic: 500.000 VND/tháng, 10 vCPU, 20GB RAM
2. Gói Pro: 2.000.000 VND/tháng, 40 vCPU, 80GB RAM
3. Gói Enterprise: Liên hệ báo giá, không giới hạn.",5,5,5,5,5.0
"H?y suy lu?n v? Nếu VinCloud downtime 12 giờ trong năm, khách hàng được bồi thường bao nhiêu n?u c?c th?ng s? kh?ng ??i?","Nếu VinCloud downtime là 12 giờ trong năm, uptime sẽ thấp hơn mức 99.0%. Theo chính sách SLA, nếu uptime dưới 95.0%, khách hàng sẽ được bồi thường 50% phí tháng.",5,5,5,5,5.0
Gi? s? h?y t?nh VinTech có tuân thủ quy định bảo vệ dữ liệu cá nhân của Việt Nam không trong b?i c?nh hi?n t?i?,"Có, VinTech tuân thủ Nghị định 13/2023/NĐ-CP về bảo vệ dữ liệu cá nhân tại Việt Nam.",5,5,5,5,5.0
Ph?i h?p d? li?u v? v? Mảng nào đóng góp nhiều nhất vào doanh thu VinTech và chi phí cơ bản của mảng đó là bao nhiêu t? ?t nh?t hai ?o?n d? li?u?,"Mảng VinCloud đóng góp nhiều nhất vào doanh thu VinTech với 40% (1.000 tỷ VND). Chi phí cơ bản của mảng VinERP là phí triển khai ban đầu từ 50.000.000 VND tùy quy mô, và phí duy trì hàng năm là 15% giá triển khai.",4,5,4,4,4.25
N?u v? VinTech có tuân thủ quy định bảo vệ dữ liệu cá nhân của Việt Nam không n?u c?c th?ng s? kh?ng ??i?,VinTech tuân thủ Nghị định 13/2023/NĐ-CP về bảo vệ dữ liệu cá nhân tại Việt Nam.,5,5,5,5,5.0
"Xem x?t t?nh hu?ng v? Nếu VinCloud downtime 12 giờ trong năm, khách hàng được bồi thường bao nhiêu n?u c?c th?ng s? kh?ng ??i?","Nếu VinCloud downtime 12 giờ trong năm, uptime sẽ dưới 95.0%. Theo chính sách SLA, khách hàng sẽ được bồi thường 50% phí tháng.",5,5,4,5,4.75
Trong tr??ng h?p v? VinTech có tuân thủ quy định bảo vệ dữ liệu cá nhân của Việt Nam không trong b?i c?nh hi?n t?i?,"Có, VinTech tuân thủ Nghị định 13/2023/NĐ-CP về bảo vệ dữ liệu cá nhân tại Việt Nam.",5,5,5,5,5.0
K?t n?i c?c th?ng tin d??i ??y ?? tr? l?i h?y so s?nh Mảng nào đóng góp nhiều nhất vào doanh thu VinTech và chi phí cơ bản của mảng đó là bao nhiêu t? ?t nh?t hai ?o?n d? li?u?,"Mảng VinCloud đóng góp nhiều nhất vào doanh thu của VinTech với 1.000 tỷ VND, chiếm 40% doanh thu. Chi phí cơ bản của mảng VinERP là 50.000.000 VND cho phí triển khai ban đầu và 15% giá triển khai cho phí duy trì hàng năm.",2,4,3,3,3.0
"D?a v?o d? li?u, h?y suy ra v? Nếu doanh thu VinTech tăng trưởng cùng tốc độ năm 2023, doanh thu 2024 dự kiến là bao nhiêu n?u c?c th?ng s? kh?ng ??i?","Nếu doanh thu VinTech tăng trưởng cùng tốc độ 25% trong năm 2024, doanh thu dự kiến sẽ là:

Doanh thu 2023 = 2.500 tỷ VND
Tăng trưởng = 25%

Doanh thu 2024 = Doanh thu 2023 + (Doanh thu 2023 * Tăng trưởng)  
= 2.500 tỷ VND + (2.500 tỷ VND * 0.25)  
= 2.500 tỷ VND + 625 tỷ VND  
= 3.125 tỷ VND

Do đó, doanh thu 2024 dự kiến sẽ là 3.125 tỷ VND.",5,5,5,5,5.0
Xin cho bi?t v? VinTech có bao nhiêu nhân viên trong ng? c?nh t?i li?u ?? cho?,VinTech có 5.000 nhân viên tính đến Q4 2023.,5,5,5,5,5.0
H?y ph?n t?ch k?t h?p v? So sánh số nhân viên của VinTech và tỷ lệ nhân viên kỹ thuật với doanh thu mảng kỹ thuật (VinCloud + VinAI) t? ?t nh?t hai ?o?n d? li?u?,Không tìm thấy.,1,1,5,1,1.5
M? t? ng?n Chính sách hoàn tiền trong 7 ngày đầu của VinTech như thế nào ng?n g?n theo d? li?u cung c?p?,Hoàn 100% nếu hủy trong vòng 7 ngày kể từ ngày kích hoạt (chưa sử dụng).,5,5,5,5,5.0
H?y ??i chi?u v? Mảng nào đóng góp nhiều nhất vào doanh thu VinTech và chi phí cơ bản của mảng đó là bao nhiêu t? ?t nh?t hai ?o?n d? li?u?,Mảng đóng góp nhiều nhất vào doanh thu VinTech là VinCloud với 1.000 tỷ VND. Chi phí cơ bản của mảng VinERP là 50.000.000 VND cho phí triển khai ban đầu.,2,4,5,3,3.5
"Trong tr??ng h?p Nếu doanh thu VinTech tăng trưởng cùng tốc độ năm 2023, doanh thu 2024 dự kiến là bao nhiêu trong b?i c?nh hi?n t?i?","Nếu doanh thu VinTech tăng trưởng cùng tốc độ năm 2023 là 25%, thì doanh thu dự kiến của VinTech trong năm 2024 sẽ là:

2.500 tỷ VND * (1 + 0.25) = 2.500 tỷ VND * 1.25 = 3.125 tỷ VND.

Vậy doanh thu 2024 dự kiến là 3.125 tỷ VND.",5,5,5,5,5.0
"D?a v?o d? li?u, h?y suy ra v? VinTech có tuân thủ quy định bảo vệ dữ liệu cá nhân của Việt Nam không n?u c?c th?ng s? kh?ng ??i?",VinTech tuân thủ Nghị định 13/2023/NĐ-CP về bảo vệ dữ liệu cá nhân tại Việt Nam.,5,5,5,5,5.0
"D?a v?o c? hai ?o?n th?ng tin, h?y x?c ??nh h?y t?ng h?p Mảng nào đóng góp nhiều nhất vào doanh thu VinTech và chi phí cơ bản của mảng đó là bao nhiêu t? ?t nh?t hai ?o?n d? li?u?","Mảng đóng góp nhiều nhất vào doanh thu VinTech là VinCloud với 40% doanh thu, tương đương 1.000 tỷ VND. Chi phí cơ bản cho mảng VinERP (mảng xếp thứ hai với 35% doanh thu, 875 tỷ VND) là phí triển khai ban đầu từ 50.000.000 VND và phí duy trì hàng năm 15% giá triển khai.",5,5,4,5,4.75
Cho t?i bi?t trong h? th?ng n?y VinTech có bao nhiêu nhân viên trong ng? c?nh t?i li?u ?? cho?,VinTech có 5.000 nhân viên tính đến Q4 2023.,5,5,5,5,5.0
